district,district_geocode
北京,110100
东城,110101
西城,110102
朝阳,110105
丰台,110106
石景山,110107
海淀,110108
门头沟,110109
房山,110111
通州,110112
顺义,110113
昌平,110114
大兴,110115
怀柔,110116
平谷,110117
密云,110118
延庆,110119
天津,120100
和平区,120101
河东区,120102
河西区,120103
南开区,120104
河北区,120105
红桥区,120106
东丽区,120110
西青区,120111
津南区,120112
北辰区,120113
武清区,120114
宝坻区,120115
滨海新区,120116
宁河区,120117
静海区,120118
蓟州区,120119
石家庄,130100
长安区,130102
桥西区,130104
新华区,130105
井陉矿区,130107
裕华,130108
藁城,130109
鹿泉,130110
栾城,130111
井陉,130121
正定,130123
行唐,130125
灵寿,130126
高邑,130127
深泽,130128
赞皇,130129
无极,130130
平山,130131
元氏,130132
赵县,130133
辛集,130181
晋州,130183
新乐,130184
唐山,130200
路南区,130202
路北区,130203
古冶,130204
开平区,130205
丰南,130207
丰润,130208
曹妃甸,130209
滦南,130224
乐亭,130225
迁西,130227
玉田,130229
遵化,130281
迁安,130283
滦州,130284
秦皇岛,130300
海港区,130302
山海关,130303
北戴河,130304
抚宁,130306
青龙,130321
昌黎,130322
卢龙,130324
邯郸,130400
邯山区,130402
丛台区,130403
复兴区,130404
峰峰,130406
肥乡,130407
永年,130408
临漳,130423
成安,130424
大名,130425
涉县,130426
磁县,130427
邱县,130430
鸡泽,130431
广平,130432
馆陶,130433
魏县,130434
曲周,130435
武安,130481
邢台,130500
桥东区,130502
桥西区,130503
邢台县,130521
临城,130522
内丘,130523
柏乡,130524
隆尧,130525
任县,130526
南和,130527
宁晋,130528
巨鹿,130529
新河,130530
广宗,130531
平乡,130532
威县,130533
清河,130534
临西,130535
南宫,130581
沙河,130582
保定,130600
竞秀,130602
莲池,130606
满城,130607
清苑,130608
徐水,130609
涞水,130623
阜平,130624
定兴,130626
唐县,130627
高阳,130628
容城,130629
涞源,130630
望都,130631
安新,130632
易县,130633
曲阳,130634
蠡县,130635
顺平,130636
博野,130637
雄县,130638
涿州,130681
定州,130682
安国,130683
高碑店,130684
张家口,130700
桥东区,130702
桥西区,130703
宣化,130705
下花园,130706
万全,130708
崇礼,130709
张北,130722
康保,130723
沽源,130724
尚义,130725
蔚县,130726
阳原,130727
怀安,130728
怀来,130730
涿鹿,130731
赤城,130732
承德,130800
双桥,130802
双滦,130803
鹰手营子,130804
承德县,130821
兴隆,130822
滦平,130824
隆化,130825
丰宁,130826
宽城,130827
围场,130828
平泉,130881
沧州,130900
新华区,130902
运河,130903
沧县,130921
青县,130922
东光,130923
海兴,130924
盐山,130925
肃宁,130926
南皮,130927
吴桥,130928
献县,130929
孟村,130930
泊头,130981
任丘,130982
黄骅,130983
河间,130984
廊坊,131000
安次,131002
广阳,131003
固安,131022
永清,131023
香河,131024
大城,131025
文安,131026
大厂,131028
霸州,131081
三河,131082
衡水,131100
桃城,131102
冀州,131103
枣强,131121
武邑,131122
武强,131123
饶阳,131124
安平,131125
故城,131126
景县,131127
阜城,131128
深州,131182
太原,140100
小店,140105
迎泽,140106
杏花岭,140107
尖草坪,140108
万柏林,140109
晋源,140110
清徐,140121
阳曲,140122
娄烦,140123
古交,140181
大同,140200
新荣,140212
平城,140213
云冈,140214
云州,140215
阳高,140221
天镇,140222
广灵,140223
灵丘,140224
浑源,140225
左云,140226
阳泉,140300
城区,140302
矿区,140303
郊区,140311
平定,140321
盂县,140322
长治,140400
潞州,140403
上党,140404
屯留,140405
潞城,140406
襄垣,140423
平顺,140425
黎城,140426
壶关,140427
长子,140428
武乡,140429
沁县,140430
沁源,140431
晋城,140500
城区,140502
沁水,140521
阳城,140522
陵川,140524
泽州,140525
高平,140581
朔州,140600
朔城,140602
平鲁,140603
山阴,140621
应县,140622
右玉,140623
怀仁,140681
晋中,140700
榆次,140702
榆社,140721
左权,140722
和顺,140723
昔阳,140724
寿阳,140725
太谷,140726
祁县,140727
平遥,140728
灵石,140729
介休,140781
运城,140800
盐湖,140802
临猗,140821
万荣,140822
闻喜,140823
稷山,140824
新绛,140825
绛县,140826
垣曲,140827
夏县,140828
平陆,140829
芮城,140830
永济,140881
河津,140882
忻州,140900
忻府,140902
定襄,140921
五台,140922
代县,140923
繁峙,140924
宁武,140925
静乐,140926
神池,140927
五寨,140928
岢岚,140929
河曲,140930
保德,140931
偏关,140932
原平,140981
临汾,141000
尧都,141002
曲沃,141021
翼城,141022
襄汾,141023
洪洞,141024
古县,141025
安泽,141026
浮山,141027
吉县,141028
乡宁,141029
大宁,141030
隰县,141031
永和,141032
蒲县,141033
汾西,141034
侯马,141081
霍州,141082
吕梁,141100
离石,141102
文水,141121
交城,141122
兴县,141123
临县,141124
柳林,141125
石楼,141126
岚县,141127
方山,141128
中阳,141129
交口,141130
孝义,141181
汾阳,141182
呼和浩特,150100
新城区,150102
回民区,150103
玉泉区,150104
赛罕区,150105
土左旗,150121
托克托,150122
和林格尔,150123
清水河,150124
武川,150125
包头,150200
东河区,150202
昆都仑区,150203
青山区,150204
石拐区,150205
白云鄂博,150206
九原区,150207
土右旗,150221
固阳,150222
达茂旗,150223
乌海,150300
海勃湾区,150302
海南区,150303
乌达,150304
赤峰,150400
红山,150402
元宝山,150403
松山,150404
阿鲁旗,150421
巴林左旗,150422
巴林右旗,150423
林西,150424
克什克腾旗,150425
翁牛特旗,150426
喀喇沁旗,150428
宁城,150429
敖汉旗,150430
通辽,150500
科尔沁区,150502
科左中旗,150521
科左后旗,150522
开鲁,150523
库伦旗,150524
奈曼旗,150525
扎鲁特旗,150526
霍林郭勒,150581
鄂尔多斯,150600
东胜,150602
康巴什,150603
达拉特旗,150621
准格尔旗,150622
鄂前旗,150623
鄂托克旗,150624
杭锦旗,150625
乌审旗,150626
伊金霍洛,150627
呼伦贝尔,150700
海拉尔,150702
扎赉诺尔,150703
阿荣旗,150721
莫力达瓦,150722
鄂伦春旗,150723
鄂温克旗,150724
陈旗,150725
新左旗,150726
新右旗,150727
满洲里,150781
牙克石,150782
扎兰屯,150783
额尔古纳,150784
根河,150785
巴彦淖尔,150800
临河,150802
五原,150821
磴口,150822
乌前旗,150823
乌中旗,150824
乌后旗,150825
杭锦后旗,150826
乌兰察布,150900
集宁,150902
卓资,150921
化德,150922
商都,150923
兴和,150924
凉城,150925
察右前旗,150926
察右中旗,150927
察右后旗,150928
四子王旗,150929
丰镇,150981
兴安盟,152200
乌兰浩特,152201
阿尔山,152202
科右前旗,152221
科右中旗,152222
扎赉特旗,152223
突泉,152224
锡林郭勒,152500
二连浩特,152501
锡林浩特,152502
阿巴嘎旗,152522
苏左旗,152523
苏右旗,152524
东乌旗,152525
西乌旗,152526
太仆寺旗,152527
镶黄旗,152528
正镶白旗,152529
正蓝旗,152530
多伦,152531
阿拉善,152900
阿左旗,152921
阿右旗,152922
额济纳旗,152923
沈阳,210100
和平区,210102
沈河区,210103
大东区,210104
皇姑区,210105
铁西区,210106
苏家屯,210111
浑南,210112
沈北新区,210113
于洪区,210114
辽中区,210115
康平,210123
法库,210124
新民,210181
大连,210200
中山区,210202
西岗区,210203
沙河口,210204
甘井子,210211
旅顺,210212
金州,210213
普兰店,210214
长海,210224
瓦房店,210281
庄河,210283
鞍山,210300
铁东区,210302
铁西区,210303
立山,210304
千山,210311
台安,210321
岫岩,210323
海城,210381
抚顺,210400
新抚区,210402
东洲区,210403
望花区,210404
顺城区,210411
抚顺县,210421
新宾,210422
清原,210423
本溪,210500
平山区,210502
溪湖,210503
明山,210504
南芬,210505
本溪县,210521
桓仁,210522
丹东,210600
元宝,210602
振兴,210603
振安,210604
宽甸,210624
东港,210681
凤城,210682
锦州,210700
古塔,210702
凌河,210703
太和区,210711
黑山,210726
义县,210727
凌海,210781
北镇,210782
营口,210800
站前区,210802
西市区,210803
鲅鱼圈,210804
老边区,210811
盖州,210881
大石桥,210882
阜新,210900
海州区,210902
新邱,210903
太平,210904
清河门,210905
细河,210911
阜新县,210921
彰武,210922
辽阳,211000
白塔区,211002
文圣区,211003
宏伟区,211004
弓长岭,211005
太子河,211011
辽阳县,211021
灯塔市,211081
盘锦,211100
双台子,211102
兴隆台,211103
大洼,211104
盘山,211122
铁岭,211200
银州,211202
清河区,211204
铁岭县,211221
西丰,211223
昌图,211224
调兵山,211281
开原,211282
朝阳,211300
双塔,211302
龙城,211303
朝阳县,211321
建平,211322
喀左,211324
北票,211381
凌源,211382
葫芦岛,211400
连山区,211402
龙港,211403
南票,211404
绥中,211421
建昌,211422
兴城,211481
长春,220100
南关,220102
宽城区,220103
朝阳区,220104
二道区,220105
绿园区,220106
双阳,220112
九台,220113
农安,220122
榆树,220182
德惠,220183
吉林,220200
昌邑区,220202
龙潭,220203
船营,220204
丰满,220211
永吉,220221
蛟河,220281
桦甸,220282
舒兰,220283
磐石,220284
四平,220300
铁西,220302
铁东,220303
梨树,220322
伊通,220323
公主岭,220381
双辽,220382
辽源,220400
龙山区,220402
西安区,220403
东丰,220421
东辽,220422
通化,220500
东昌区,220502
二道江,220503
通化县,220521
辉南,220523
柳河,220524
梅河口,220581
集安,220582
白山,220600
浑江,220602
江源,220605
抚松,220621
靖宇,220622
长白,220623
临江,220681
松原,220700
宁江,220702
前郭,220721
长岭,220722
乾安,220723
扶余,220781
白城,220800
洮北,220802
镇赉,220821
通榆,220822
洮南,220881
大安,220882
延边,222400
延吉,222401
图们,222402
敦化,222403
珲春,222404
龙井,222405
和龙,222406
汪清,222424
安图,222426
哈尔滨,230100
道里区,230102
南岗区,230103
道外区,230104
平房区,230108
松北区,230109
香坊区,230110
呼兰,230111
阿城,230112
双城区,230113
依兰,230123
方正,230124
宾县,230125
巴彦,230126
木兰,230127
通河,230128
延寿,230129
尚志,230183
五常,230184
齐齐哈尔,230200
龙沙,230202
建华,230203
铁锋,230204
昂昂溪,230205
富拉尔基,230206
碾子山,230207
梅里斯,230208
龙江,230221
依安,230223
泰来,230224
甘南县,230225
富裕,230227
克山,230229
克东,230230
拜泉,230231
讷河,230281
鸡西,230300
鸡冠区,230302
恒山区,230303
滴道区,230304
梨树区,230305
城子河,230306
麻山,230307
鸡东,230321
虎林,230381
密山,230382
鹤岗,230400
向阳区,230402
工农区,230403
南山区,230404
兴安区,230405
东山区,230406
兴山区,230407
萝北,230421
绥滨,230422
双鸭山,230500
尖山区,230502
岭东区,230503
四方台,230505
宝山区,230506
集贤,230521
友谊,230522
宝清,230523
饶河,230524
大庆,230600
萨尔图,230602
龙凤区,230603
让胡路,230604
红岗区,230605
大同区,230606
肇州,230621
肇源,230622
林甸,230623
杜尔伯特,230624
伊春,230700
伊春区,230702
南岔区,230703
友好区,230704
西林区,230705
翠峦,230706
新青,230707
美溪,230708
金山屯,230709
五营,230710
乌马河,230711
汤旺河,230712
带岭,230713
乌伊岭,230714
红星区,230715
上甘岭,230716
嘉荫,230722
铁力,230781
佳木斯,230800
向阳区,230803
前进区,230804
东风区,230805
郊区,230811
桦南,230822
桦川,230826
汤原,230828
同江,230881
富锦,230882
抚远,230883
七台河,230900
新兴区,230902
桃山区,230903
茄子河,230904
勃利,230921
牡丹江,231000
东安区,231002
阳明,231003
爱民,231004
西安区,231005
林口,231025
绥芬河,231081
海林,231083
宁安,231084
穆棱,231085
东宁,231086
黑河,231100
爱辉,231102
嫩江,231121
逊克,231123
孙吴,231124
北安,231181
五大连池,231182
绥化,231200
北林,231202
望奎,231221
兰西,231222
青冈,231223
庆安,231224
明水,231225
绥棱,231226
安达,231281
肇东,231282
海伦,231283
大兴安岭,232700
漠河,232701
呼玛,232721
塔河,232722
大兴安岭地区直辖,232723
上海,310100
黄浦,310101
徐汇,310104
长宁区,310105
静安,310106
普陀区,310107
虹口,310109
杨浦,310110
闵行,310112
宝山,310113
嘉定,310114
浦东新区,310115
金山,310116
松江,310117
青浦,310118
奉贤,310120
崇明,310151
南京,320100
玄武,320102
秦淮,320104
建邺,320105
鼓楼,320106
浦口,320111
栖霞区,320113
雨花台,320114
江宁,320115
六合,320116
溧水,320117
高淳,320118
无锡,320200
锡山,320205
惠山,320206
滨湖,320211
梁溪,320213
新吴,320214
江阴,320281
宜兴,320282
徐州,320300
鼓楼区,320302
云龙区,320303
贾汪,320305
泉山,320311
铜山,320312
丰县,320321
沛县,320322
睢宁,320324
新沂,320381
邳州,320382
常州,320400
天宁,320402
钟楼,320404
新北区,320411
武进,320412
金坛,320413
溧阳,320481
苏州,320500
虎丘,320505
吴中,320506
相城,320507
姑苏,320508
吴江,320509
苏州工业园区,320571
常熟,320581
张家港,320582
昆山,320583
太仓,320585
南通,320600
崇川,320602
港闸,320611
通州区,320612
如东,320623
启东,320681
如皋,320682
海门,320684
海安,320685
连云港,320700
连云,320703
海州,320706
赣榆,320707
东海,320722
灌云,320723
灌南,320724
淮安,320800
淮安区,320803
淮阴,320804
清江浦,320812
洪泽,320813
涟水,320826
盱眙,320830
金湖,320831
盐城,320900
亭湖,320902
盐都,320903
大丰,320904
响水,320921
滨海,320922
阜宁,320923
射阳,320924
建湖,320925
东台,320981
扬州,321000
广陵,321002
邗江,321003
江都,321012
宝应,321023
仪征,321081
高邮,321084
镇江,321100
京口,321102
润州,321111
丹徒,321112
丹阳,321181
扬中,321182
句容,321183
泰州,321200
海陵,321202
高港,321203
姜堰,321204
兴化,321281
靖江,321282
泰兴,321283
宿迁,321300
宿城,321302
宿豫,321311
沭阳,321322
泗阳,321323
泗洪,321324
杭州,330100
上城区,330102
下城区,330103
江干,330104
拱墅,330105
西湖,330106
滨江,330108
萧山,330109
余杭,330110
富阳,330111
临安,330112
桐庐,330122
淳安,330127
建德,330182
宁波,330200
海曙,330203
江北区,330205
北仑,330206
镇海,330211
鄞州,330212
奉化,330213
象山,330225
宁海,330226
余姚,330281
慈溪,330282
温州,330300
鹿城,330302
龙湾,330303
瓯海,330304
洞头,330305
永嘉,330324
平阳,330326
苍南,330327
文成,330328
泰顺,330329
瑞安,330381
乐清,330382
嘉兴,330400
南湖,330402
秀洲,330411
嘉善,330421
海盐,330424
海宁,330481
平湖,330482
桐乡,330483
湖州,330500
吴兴,330502
南浔,330503
德清,330521
长兴,330522
安吉,330523
绍兴,330600
越城,330602
柯桥,330603
上虞,330604
新昌,330624
诸暨,330681
嵊州,330683
金华,330700
婺城,330702
金东,330703
武义,330723
浦江,330726
磐安,330727
兰溪,330781
义乌,330782
东阳,330783
永康,330784
衢州,330800
柯城,330802
衢江,330803
常山,330822
开化,330824
龙游,330825
江山,330881
舟山,330900
定海,330902
普陀,330903
岱山,330921
嵊泗,330922
台州,331000
椒江,331002
黄岩,331003
路桥,331004
三门,331022
天台,331023
仙居,331024
温岭,331081
临海,331082
玉环,331083
丽水,331100
莲都,331102
青田,331121
缙云,331122
遂昌,331123
松阳,331124
云和,331125
庆元,331126
景宁,331127
龙泉,331181
合肥,340100
瑶海,340102
庐阳,340103
蜀山,340104
包河,340111
长丰,340121
肥东,340122
肥西,340123
庐江,340124
巢湖,340181
芜湖,340200
镜湖,340202
弋江,340203
鸠江,340207
三山,340208
芜湖县,340221
繁昌,340222
南陵,340223
无为,340225
蚌埠,340300
龙子湖,340302
蚌山,340303
禹会,340304
淮上,340311
怀远,340321
五河,340322
固镇,340323
淮南,340400
大通区,340402
田家庵,340403
谢家集,340404
八公山,340405
潘集,340406
凤台,340421
寿县,340422
马鞍山,340500
花山,340503
雨山,340504
博望,340506
当涂,340521
含山,340522
和县,340523
淮北,340600
杜集,340602
相山,340603
烈山,340604
濉溪,340621
铜陵,340700
铜官,340705
义安,340706
郊区,340711
枞阳,340722
安庆,340800
迎江,340802
大观,340803
宜秀,340811
怀宁,340822
太湖,340825
宿松,340826
望江,340827
岳西,340828
桐城,340881
潜山,340882
黄山,341000
屯溪,341002
黄山区,341003
徽州,341004
歙县,341021
休宁,341022
黟县,341023
祁门,341024
滁州,341100
琅琊,341102
南谯,341103
来安,341122
全椒,341124
定远,341125
凤阳,341126
天长,341181
明光,341182
阜阳,341200
颍州,341202
颍东,341203
颍泉,341204
临泉,341221
太和,341222
阜南,341225
颍上,341226
界首,341282
宿州,341300
埇桥,341302
砀山,341321
萧县,341322
灵璧,341323
泗县,341324
六安,341500
金安,341502
裕安,341503
叶集,341504
霍邱,341522
舒城,341523
金寨,341524
霍山,341525
亳州,341600
谯城,341602
涡阳,341621
蒙城,341622
利辛,341623
池州,341700
贵池,341702
东至,341721
石台,341722
青阳,341723
宣城,341800
宣州,341802
郎溪,341821
广德,341822
泾县,341823
绩溪,341824
旌德,341825
宁国,341881
福州,350100
鼓楼区,350102
台江区,350103
仓山,350104
马尾,350105
晋安,350111
长乐,350112
闽侯,350121
连江,350122
罗源,350123
闽清,350124
永泰,350125
平潭,350128
福清,350181
厦门,350200
思明,350203
海沧,350205
湖里,350206
集美,350211
同安,350212
翔安,350213
莆田,350300
城厢,350302
涵江,350303
荔城,350304
秀屿,350305
仙游,350322
三明,350400
梅列,350402
三元,350403
明溪,350421
清流,350423
宁化,350424
大田,350425
尤溪,350426
沙县,350427
将乐,350428
泰宁,350429
建宁,350430
永安,350481
泉州,350500
鲤城,350502
丰泽,350503
洛江,350504
泉港,350505
惠安,350521
安溪,350524
永春,350525
德化,350526
金门,350527
石狮,350581
晋江,350582
南安,350583
漳州,350600
芗城,350602
龙文,350603
云霄,350622
漳浦,350623
诏安,350624
长泰,350625
东山,350626
南靖,350627
平和,350628
华安,350629
龙海,350681
南平,350700
延平,350702
建阳,350703
顺昌,350721
浦城,350722
光泽,350723
松溪,350724
政和,350725
邵武,350781
武夷山,350782
建瓯,350783
龙岩,350800
新罗,350802
永定区,350803
长汀,350821
上杭,350823
武平,350824
连城,350825
漳平,350881
宁德,350900
蕉城,350902
霞浦,350921
古田,350922
屏南,350923
寿宁,350924
周宁,350925
柘荣,350926
福安,350981
福鼎,350982
南昌,360100
东湖区,360102
西湖区,360103
青云谱,360104
湾里,360105
青山湖,360111
新建区,360112
南昌县,360121
安义,360123
进贤,360124
景德镇,360200
昌江区,360202
珠山,360203
浮梁,360222
乐平,360281
萍乡,360300
安源,360302
湘东,360313
莲花,360321
上栗,360322
芦溪,360323
九江,360400
濂溪,360402
浔阳,360403
柴桑,360404
武宁,360423
修水,360424
永修,360425
德安,360426
都昌,360428
湖口,360429
彭泽,360430
瑞昌,360481
共青城,360482
庐山,360483
新余,360500
渝水,360502
分宜,360521
鹰潭,360600
月湖,360602
余江,360603
贵溪,360681
赣州,360700
章贡,360702
南康,360703
赣县,360704
信丰,360722
大余,360723
上犹,360724
崇义,360725
安远,360726
龙南,360727
定南,360728
全南,360729
宁都,360730
于都,360731
兴国,360732
会昌,360733
寻乌,360734
石城,360735
瑞金,360781
吉安,360800
吉州,360802
青原,360803
吉安县,360821
吉水,360822
峡江,360823
新干,360824
永丰,360825
泰和,360826
遂川,360827
万安,360828
安福,360829
永新,360830
井冈山,360881
宜春,360900
袁州,360902
奉新,360921
万载,360922
上高,360923
宜丰,360924
靖安,360925
铜鼓,360926
丰城,360981
樟树,360982
高安,360983
抚州,361000
临川,361002
东乡区,361003
南城,361021
黎川,361022
南丰,361023
崇仁,361024
乐安,361025
宜黄,361026
金溪,361027
资溪,361028
广昌,361030
上饶,361100
信州,361102
广丰,361103
上饶县,361121
玉山,361123
铅山,361124
横峰,361125
弋阳,361126
余干,361127
鄱阳,361128
万年,361129
婺源,361130
德兴,361181
济南,370100
历下,370102
市中,370103
槐荫,370104
天桥,370105
历城,370112
长清,370113
章丘,370114
济阳,370115
莱芜,370116
钢城,370117
平阴,370124
商河,370126
青岛,370200
市南区,370202
市北区,370203
黄岛,370211
崂山,370212
李沧,370213
城阳,370214
即墨,370215
胶州,370281
平度,370283
莱西,370285
淄博,370300
淄川,370302
张店,370303
博山,370304
临淄,370305
周村,370306
桓台,370321
高青,370322
沂源,370323
枣庄,370400
市中区,370402
薛城,370403
峄城,370404
台儿庄,370405
山亭,370406
滕州,370481
东营,370500
东营区,370502
河口区,370503
垦利,370505
利津,370522
广饶,370523
烟台,370600
芝罘,370602
福山,370611
牟平,370612
莱山,370613
长岛,370634
龙口,370681
莱阳,370682
莱州,370683
蓬莱,370684
招远,370685
栖霞,370686
海阳,370687
潍坊,370700
潍城,370702
寒亭,370703
坊子,370704
奎文,370705
临朐,370724
昌乐,370725
青州,370781
诸城,370782
寿光,370783
安丘,370784
高密,370785
昌邑,370786
济宁,370800
任城,370811
兖州,370812
微山,370826
鱼台,370827
金乡,370828
嘉祥,370829
汶上,370830
泗水,370831
梁山,370832
曲阜,370881
邹城,370883
泰安,370900
泰山,370902
岱岳,370911
宁阳,370921
东平,370923
新泰,370982
肥城,370983
威海,371000
环翠,371002
文登,371003
荣成,371082
乳山,371083
日照,371100
东港区,371102
岚山,371103
五莲,371121
莒县,371122
临沂,371300
兰山,371302
罗庄,371311
河东区,371312
沂南,371321
郯城,371322
沂水,371323
兰陵,371324
费县,371325
平邑,371326
莒南,371327
蒙阴,371328
临沭,371329
德州,371400
德城,371402
陵城,371403
宁津,371422
庆云,371423
临邑,371424
齐河,371425
平原,371426
夏津,371427
武城,371428
乐陵,371481
禹城,371482
聊城,371500
东昌府,371502
阳谷,371521
莘县,371522
茌平,371523
东阿,371524
冠县,371525
高唐,371526
临清,371581
滨州,371600
滨城,371602
沾化,371603
惠民,371621
阳信,371622
无棣,371623
博兴,371625
邹平,371681
菏泽,371700
牡丹,371702
定陶,371703
曹县,371721
单县,371722
成武,371723
巨野,371724
郓城,371725
鄄城,371726
东明,371728
郑州,410100
中原,410102
二七区,410103
管城,410104
金水,410105
上街,410106
惠济,410108
中牟,410122
巩义,410181
荥阳,410182
新密,410183
新郑,410184
登封,410185
开封,410200
龙亭,410202
顺河,410203
鼓楼区,410204
禹王台,410205
祥符,410212
杞县,410221
通许,410222
尉氏,410223
兰考,410225
洛阳,410300
老城区,410302
西工,410303
瀍河,410304
涧西,410305
吉利,410306
洛龙,410311
孟津,410322
新安,410323
栾川,410324
嵩县,410325
汝阳,410326
宜阳,410327
洛宁,410328
伊川,410329
偃师,410381
平顶山,410400
新华区,410402
卫东,410403
石龙,410404
湛河,410411
宝丰,410421
叶县,410422
鲁山,410423
郏县,410425
舞钢,410481
汝州,410482
安阳,410500
文峰,410502
北关,410503
殷都,410505
龙安,410506
安阳县,410522
汤阴,410523
滑县,410526
内黄,410527
林州,410581
鹤壁,410600
鹤山区,410602
山城,410603
淇滨,410611
浚县,410621
淇县,410622
新乡,410700
红旗,410702
卫滨,410703
凤泉,410704
牧野,410711
新乡县,410721
获嘉,410724
原阳,410725
延津,410726
封丘,410727
长垣,410728
卫辉,410781
辉县,410782
焦作,410800
解放,410802
中站,410803
马村,410804
山阳区,410811
修武,410821
博爱,410822
武陟,410823
温县,410825
沁阳,410882
孟州,410883
濮阳,410900
华龙,410902
清丰,410922
南乐,410923
范县,410926
台前,410927
濮阳县,410928
许昌,411000
魏都,411002
建安,411003
鄢陵,411024
襄城,411025
禹州,411081
长葛,411082
漯河,411100
源汇,411102
郾城,411103
召陵,411104
舞阳,411121
临颍,411122
三门峡,411200
湖滨区,411202
陕州,411203
渑池,411221
卢氏,411224
义马,411281
灵宝,411282
南阳,411300
宛城,411302
卧龙,411303
南召,411321
方城,411322
西峡,411323
镇平,411324
内乡,411325
淅川,411326
社旗,411327
唐河,411328
新野,411329
桐柏,411330
邓州,411381
商丘,411400
梁园,411402
睢阳,411403
民权,411421
睢县,411422
宁陵,411423
柘城,411424
虞城,411425
夏邑,411426
永城,411481
信阳,411500
浉河,411502
平桥,411503
罗山,411521
光山,411522
新县,411523
商城,411524
固始,411525
潢川,411526
淮滨,411527
息县,411528
周口,411600
川汇,411602
扶沟,411621
西华,411622
商水,411623
沈丘,411624
郸城,411625
淮阳,411626
太康,411627
鹿邑,411628
项城,411681
驻马店,411700
驿城,411702
西平,411721
上蔡,411722
平舆,411723
正阳,411724
确山,411725
泌阳,411726
汝南,411727
遂平,411728
新蔡,411729
济源,419001
武汉,420100
江岸,420102
江汉,420103
硚口,420104
汉阳,420105
武昌,420106
青山,420107
洪山,420111
东西湖,420112
汉南,420113
蔡甸,420114
江夏,420115
黄陂,420116
新洲,420117
黄石,420200
黄石港,420202
西塞山,420203
下陆,420204
铁山,420205
阳新,420222
大冶,420281
十堰,420300
茅箭,420302
张湾,420303
郧阳,420304
郧西,420322
竹山,420323
竹溪,420324
房县,420325
丹江口,420381
宜昌,420500
西陵,420502
伍家岗,420503
点军,420504
猇亭,420505
夷陵,420506
远安,420525
兴山,420526
秭归,420527
长阳,420528
五峰,420529
宜都,420581
当阳,420582
枝江,420583
襄阳,420600
襄城区,420602
樊城,420606
襄州,420607
南漳,420624
谷城,420625
保康,420626
老河口,420682
枣阳,420683
宜城,420684
鄂州,420700
梁子湖,420702
华容区,420703
鄂城,420704
荆门,420800
东宝,420802
掇刀,420804
沙洋,420822
钟祥,420881
京山,420882
孝感,420900
孝南,420902
孝昌,420921
大悟,420922
云梦,420923
应城,420981
安陆,420982
汉川,420984
荆州,421000
沙市,421002
荆州区,421003
公安,421022
监利,421023
江陵,421024
石首,421081
洪湖,421083
松滋,421087
黄冈,421100
黄州,421102
团风,421121
红安,421122
罗田,421123
英山,421124
浠水,421125
蕲春,421126
黄梅,421127
麻城,421181
武穴,421182
咸宁,421200
咸安,421202
嘉鱼,421221
通城,421222
崇阳,421223
通山,421224
赤壁,421281
随州,421300
曾都,421303
随县,421321
广水,421381
恩施,422800
恩施市,422801
利川,422802
建始,422822
巴东,422823
宣恩,422825
咸丰,422826
来凤,422827
鹤峰,422828
仙桃,429004
潜江,429005
天门,429006
神农架,429021
长沙,430100
芙蓉,430102
天心,430103
岳麓,430104
开福,430105
雨花区,430111
望城,430112
长沙县,430121
浏阳,430181
宁乡,430182
株洲,430200
荷塘,430202
芦淞,430203
石峰,430204
天元,430211
渌口,430212
攸县,430223
茶陵,430224
炎陵,430225
醴陵,430281
湘潭,430300
雨湖,430302
岳塘,430304
湘潭县,430321
湘乡,430381
韶山,430382
衡阳,430400
珠晖,430405
雁峰,430406
石鼓,430407
蒸湘,430408
南岳,430412
衡阳县,430421
衡南,430422
衡山,430423
衡东,430424
祁东,430426
耒阳,430481
常宁,430482
邵阳,430500
双清,430502
大祥,430503
北塔,430511
邵东,430521
新邵,430522
邵阳县,430523
隆回,430524
洞口,430525
绥宁,430527
新宁,430528
城步,430529
武冈,430581
岳阳,430600
岳阳楼区,430602
云溪,430603
君山,430611
岳阳县,430621
华容,430623
湘阴,430624
平江,430626
汨罗,430681
临湘,430682
常德,430700
武陵,430702
鼎城,430703
安乡,430721
汉寿,430722
澧县,430723
临澧,430724
桃源,430725
石门,430726
津市,430781
张家界,430800
永定,430802
武陵源,430811
慈利,430821
桑植,430822
益阳,430900
资阳区,430902
赫山,430903
南县,430921
桃江,430922
安化,430923
沅江,430981
郴州,431000
北湖,431002
苏仙,431003
桂阳,431021
宜章,431022
永兴,431023
嘉禾,431024
临武,431025
汝城,431026
桂东,431027
安仁,431028
资兴,431081
永州,431100
零陵,431102
冷水滩,431103
祁阳,431121
东安,431122
双牌,431123
道县,431124
江永,431125
宁远,431126
蓝山,431127
新田,431128
江华,431129
怀化,431200
鹤城,431202
中方,431221
沅陵,431222
辰溪,431223
溆浦,431224
会同,431225
麻阳,431226
新晃,431227
芷江,431228
靖州,431229
通道,431230
洪江,431281
娄底,431300
娄星,431302
双峰,431321
新化,431322
冷水江,431381
涟源,431382
湘西,433100
吉首,433101
泸溪,433122
凤凰,433123
花垣,433124
保靖,433125
古丈,433126
永顺,433127
龙山,433130
广州,440100
荔湾,440103
越秀,440104
海珠,440105
天河,440106
白云,440111
黄埔,440112
番禺,440113
花都,440114
南沙区,440115
从化,440117
增城,440118
韶关,440200
武江,440203
浈江,440204
曲江,440205
始兴,440222
仁化,440224
翁源,440229
乳源,440232
新丰,440233
乐昌,440281
南雄,440282
深圳,440300
罗湖,440303
福田,440304
南山,440305
宝安,440306
龙岗,440307
盐田,440308
龙华,440309
坪山,440310
光明,440311
珠海,440400
香洲,440402
斗门,440403
金湾,440404
汕头,440500
龙湖,440507
金平区,440511
濠江,440512
潮阳,440513
潮南,440514
澄海,440515
南澳,440523
佛山,440600
禅城,440604
南海区,440605
顺德,440606
三水,440607
高明,440608
江门,440700
蓬江,440703
江海,440704
新会,440705
台山,440781
开平,440783
鹤山,440784
恩平,440785
湛江,440800
赤坎,440802
霞山,440803
坡头,440804
麻章,440811
遂溪,440823
徐闻,440825
廉江,440881
雷州,440882
吴川,440883
茂名,440900
茂南,440902
电白,440904
高州,440981
化州,440982
信宜,440983
肇庆,441200
端州,441202
鼎湖,441203
高要,441204
广宁,441223
怀集,441224
封开,441225
德庆,441226
四会,441284
惠州,441300
惠城,441302
惠阳,441303
博罗,441322
惠东,441323
龙门,441324
梅州,441400
梅江,441402
梅县,441403
大埔,441422
丰顺,441423
五华,441424
平远,441426
蕉岭,441427
兴宁,441481
汕尾,441500
城区,441502
海丰,441521
陆河,441523
陆丰,441581
河源,441600
源城,441602
紫金,441621
龙川,441622
连平,441623
和平,441624
东源,441625
阳江,441700
江城区,441702
阳东,441704
阳西,441721
阳春,441781
清远,441800
清城,441802
清新,441803
佛冈,441821
阳山,441823
连山,441825
连南,441826
英德,441881
连州,441882
东莞,441900
中山,442000
潮州,445100
湘桥,445102
潮安,445103
饶平,445122
揭阳,445200
榕城,445202
揭东,445203
揭西,445222
惠来,445224
普宁,445281
云浮,445300
云城,445302
云安,445303
新兴,445321
郁南,445322
罗定,445381
南宁,450100
兴宁区,450102
青秀,450103
江南区,450105
西乡塘,450107
良庆,450108
邕宁,450109
武鸣,450110
隆安,450123
马山,450124
上林,450125
宾阳,450126
横县,450127
柳州,450200
城中区,450202
鱼峰,450203
柳南,450204
柳北,450205
柳江,450206
柳城,450222
鹿寨,450223
融安,450224
融水,450225
三江,450226
桂林,450300
秀峰,450302
叠彩,450303
象山区,450304
七星,450305
雁山,450311
临桂,450312
阳朔,450321
灵川,450323
全州,450324
兴安,450325
永福,450326
灌阳,450327
龙胜,450328
资源,450329
平乐,450330
恭城,450332
荔浦,450381
梧州,450400
万秀,450403
长洲,450405
龙圩,450406
苍梧,450421
藤县,450422
蒙山,450423
岑溪,450481
北海,450500
海城区,450502
银海,450503
铁山港,450512
合浦,450521
防城港,450600
港口区,450602
防城,450603
上思,450621
东兴,450681
钦州,450700
钦南,450702
钦北,450703
灵山,450721
浦北,450722
贵港,450800
港北,450802
港南,450803
覃塘,450804
平南,450821
桂平,450881
玉林,450900
玉州,450902
福绵,450903
容县,450921
陆川,450922
博白,450923
兴业,450924
北流,450981
百色,451000
右江,451002
田阳,451021
田东,451022
平果,451023
德保,451024
那坡,451026
凌云,451027
乐业,451028
田林,451029
西林,451030
隆林,451031
靖西,451081
贺州,451100
八步,451102
平桂,451103
昭平,451121
钟山,451122
富川,451123
河池,451200
金城江,451202
宜州,451203
南丹,451221
天峨,451222
凤山,451223
东兰,451224
罗城,451225
环江,451226
巴马,451227
都安,451228
大化,451229
来宾,451300
兴宾,451302
忻城,451321
象州,451322
武宣,451323
金秀,451324
合山,451381
崇左,451400
江州,451402
扶绥,451421
宁明,451422
龙州,451423
大新,451424
天等,451425
凭祥,451481
海口,460100
秀英,460105
龙华区,460106
琼山,460107
美兰,460108
三亚,460200
海棠区,460202
吉阳区,460203
天涯区,460204
崖州区,460205
三沙,460300
西沙群岛,460321
南沙群岛,460322
中沙群岛,460323
儋州,460400
五指山,469001
琼海,469002
文昌,469005
万宁,469006
东方,469007
定安,469021
屯昌,469022
澄迈,469023
临高,469024
白沙,469025
昌江,469026
乐东,469027
陵水,469028
保亭,469029
琼中,469030
重庆,500100
万州,500101
涪陵,500102
渝中,500103
大渡口,500104
江北,500105
沙坪坝,500106
九龙坡,500107
南岸,500108
北碚,500109
綦江,500110
大足,500111
渝北,500112
巴南,500113
黔江,500114
长寿,500115
江津,500116
合川,500117
永川,500118
南川,500119
璧山,500120
铜梁,500151
潼南,500152
荣昌,500153
开州,500154
梁平,500155
武隆,500156
城口,500229
丰都,500230
垫江,500231
忠县,500233
云阳,500235
奉节,500236
巫山,500237
巫溪,500238
石柱,500240
秀山,500241
酉阳,500242
彭水,500243
成都,510100
锦江,510104
青羊,510105
金牛,510106
武侯,510107
成华,510108
龙泉驿,510112
青白江,510113
新都,510114
温江,510115
双流,510116
郫都,510117
金堂,510121
大邑,510129
蒲江,510131
新津,510132
都江堰,510181
彭州,510182
邛崃,510183
崇州,510184
简阳,510185
自贡,510300
自流井,510302
贡井,510303
大安区,510304
沿滩,510311
荣县,510321
富顺,510322
攀枝花,510400
东区,510402
西区,510403
仁和,510411
米易,510421
盐边,510422
泸州,510500
江阳,510502
纳溪,510503
龙马潭,510504
泸县,510521
合江,510522
叙永,510524
古蔺,510525
德阳,510600
旌阳,510603
罗江,510604
中江,510623
广汉,510681
什邡,510682
绵竹,510683
绵阳,510700
涪城,510703
游仙,510704
安州,510705
三台,510722
盐亭,510723
梓潼,510725
北川,510726
平武,510727
江油,510781
广元,510800
利州,510802
昭化,510811
朝天,510812
旺苍,510821
青川,510822
剑阁,510823
苍溪,510824
遂宁,510900
船山,510903
安居,510904
蓬溪,510921
射洪,510922
大英,510923
内江,511000
市中区,511002
东兴区,511011
威远,511024
资中,511025
隆昌,511083
乐山,511100
市中区,511102
沙湾区,511111
五通桥,511112
金口河,511113
犍为,511123
井研,511124
夹江,511126
沐川,511129
峨边,511132
马边,511133
峨眉山,511181
南充,511300
顺庆,511302
高坪,511303
嘉陵,511304
南部,511321
营山,511322
蓬安,511323
仪陇,511324
西充,511325
阆中,511381
眉山,511400
东坡,511402
彭山,511403
仁寿,511421
洪雅,511423
丹棱,511424
青神,511425
宜宾,511500
翠屏,511502
南溪,511503
叙州,511504
江安,511523
长宁,511524
高县,511525
珙县,511526
筠连,511527
兴文,511528
屏山,511529
广安,511600
广安区,511602
前锋,511603
岳池,511621
武胜,511622
邻水,511623
华蓥,511681
达州,511700
通川,511702
达川,511703
宣汉,511722
开江,511723
大竹,511724
渠县,511725
万源,511781
雅安,511800
雨城,511802
名山,511803
荥经,511822
汉源,511823
石棉,511824
天全,511825
芦山,511826
宝兴,511827
巴中,511900
巴州,511902
恩阳,511903
通江,511921
南江,511922
平昌,511923
资阳,512000
雁江,512002
安岳,512021
乐至,512022
阿坝,513200
马尔康,513201
汶川,513221
理县,513222
茂县,513223
松潘,513224
九寨沟,513225
金川,513226
小金,513227
黑水,513228
壤塘,513230
阿坝县,513231
若尔盖,513232
红原,513233
甘孜,513300
康定,513301
泸定,513322
丹巴,513323
九龙,513324
雅江,513325
道孚,513326
炉霍,513327
甘孜县,513328
新龙,513329
德格,513330
白玉,513331
石渠,513332
色达,513333
理塘,513334
巴塘,513335
乡城,513336
稻城,513337
得荣,513338
凉山,513400
西昌,513401
木里,513422
盐源,513423
德昌,513424
会理,513425
会东,513426
宁南,513427
普格,513428
布拖,513429
金阳,513430
昭觉,513431
喜德,513432
冕宁,513433
越西,513434
甘洛,513435
美姑,513436
雷波,513437
贵阳,520100
南明,520102
云岩,520103
花溪,520111
乌当,520112
白云区,520113
观山湖,520115
开阳,520121
息烽,520122
修文,520123
清镇,520181
六盘水,520200
钟山区,520201
六枝,520203
水城,520221
盘州,520281
遵义,520300
红花岗,520302
汇川,520303
播州,520304
桐梓,520322
绥阳,520323
正安,520324
道真,520325
务川,520326
凤冈,520327
湄潭,520328
余庆,520329
习水,520330
赤水,520381
仁怀,520382
安顺,520400
西秀,520402
平坝,520403
普定,520422
镇宁,520423
关岭,520424
紫云,520425
毕节,520500
七星关,520502
大方,520521
黔西,520522
金沙,520523
织金,520524
纳雍,520525
威宁,520526
赫章,520527
铜仁,520600
碧江,520602
万山,520603
江口,520621
玉屏,520622
石阡,520623
思南,520624
印江,520625
德江,520626
沿河,520627
松桃,520628
黔西南,522300
兴义,522301
兴仁,522302
普安,522323
晴隆,522324
贞丰,522325
望谟,522326
册亨,522327
安龙,522328
黔东南,522600
凯里,522601
黄平,522622
施秉,522623
三穗,522624
镇远,522625
岑巩,522626
天柱,522627
锦屏,522628
剑河,522629
台江,522630
黎平,522631
榕江,522632
从江,522633
雷山,522634
麻江,522635
丹寨,522636
黔南,522700
都匀,522701
福泉,522702
荔波,522722
贵定,522723
瓮安,522725
独山,522726
平塘,522727
罗甸,522728
长顺,522729
龙里,522730
惠水,522731
三都,522732
昆明,530100
五华区,530102
盘龙,530103
官渡,530111
西山,530112
东川,530113
呈贡,530114
晋宁,530115
富民,530124
宜良,530125
石林,530126
嵩明,530127
禄劝,530128
寻甸,530129
安宁,530181
曲靖,530300
麒麟,530302
沾益,530303
马龙,530304
陆良,530322
师宗,530323
罗平,530324
富源,530325
会泽,530326
宣威,530381
玉溪,530400
红塔,530402
江川,530403
澄江,530422
通海,530423
华宁,530424
易门,530425
峨山,530426
新平,530427
元江,530428
保山,530500
隆阳,530502
施甸,530521
龙陵,530523
昌宁,530524
腾冲,530581
昭通,530600
昭阳,530602
鲁甸,530621
巧家,530622
盐津,530623
大关,530624
永善,530625
绥江,530626
镇雄,530627
彝良,530628
威信,530629
水富,530681
丽江,530700
古城区,530702
玉龙,530721
永胜,530722
华坪,530723
宁蒗,530724
普洱,530800
思茅,530802
宁洱,530821
墨江,530822
景东,530823
景谷,530824
镇沅,530825
江城,530826
孟连,530827
澜沧,530828
西盟,530829
临沧,530900
临翔,530902
凤庆,530921
云县,530922
永德,530923
镇康,530924
双江,530925
耿马,530926
沧源,530927
楚雄,532300
楚雄市,532301
双柏,532322
牟定,532323
南华,532324
姚安,532325
大姚,532326
永仁,532327
元谋,532328
武定,532329
禄丰,532331
红河,532500
个旧,532501
开远,532502
蒙自,532503
弥勒,532504
屏边,532523
建水,532524
石屏,532525
泸西,532527
元阳,532528
红河县,532529
金平,532530
绿春,532531
河口,532532
文山,532600
文山市,532601
砚山,532622
西畴,532623
麻栗坡,532624
马关,532625
丘北,532626
广南,532627
富宁,532628
西双版纳,532800
景洪,532801
勐海,532822
勐腊,532823
大理,532900
大理市,532901
漾濞,532922
祥云,532923
宾川,532924
弥渡,532925
南涧,532926
巍山,532927
永平,532928
云龙,532929
洱源,532930
剑川,532931
鹤庆,532932
德宏,533100
瑞丽,533102
芒市,533103
梁河,533122
盈江,533123
陇川,533124
怒江,533300
泸水,533301
福贡,533323
贡山,533324
兰坪,533325
迪庆,533400
香格里拉,533401
德钦,533422
维西,533423
拉萨,540100
城关区,540102
堆龙德庆,540103
达孜,540104
林周,540121
当雄,540122
尼木,540123
曲水,540124
墨竹工卡,540127
日喀则,540200
桑珠孜,540202
南木林,540221
江孜,540222
定日,540223
萨迦,540224
拉孜,540225
昂仁,540226
谢通门,540227
白朗,540228
仁布,540229
康马,540230
定结,540231
仲巴,540232
亚东,540233
吉隆,540234
聂拉木,540235
萨嘎,540236
岗巴,540237
昌都,540300
卡若,540302
江达,540321
贡觉,540322
类乌齐,540323
丁青,540324
察雅,540325
八宿,540326
左贡,540327
芒康,540328
洛隆,540329
边坝,540330
林芝,540400
巴宜,540402
工布江达,540421
米林,540422
墨脱,540423
波密,540424
察隅,540425
朗县,540426
山南,540500
乃东,540502
扎囊,540521
贡嘎,540522
桑日,540523
琼结,540524
曲松,540525
措美,540526
洛扎,540527
加查,540528
隆子,540529
错那,540530
浪卡子,540531
那曲,540600
色尼,540602
嘉黎,540621
比如,540622
聂荣,540623
安多,540624
申扎,540625
索县,540626
班戈,540627
巴青,540628
尼玛,540629
双湖,540630
阿里地区,542500
普兰,542521
札达,542522
噶尔,542523
日土,542524
革吉,542525
改则,542526
措勤,542527
西安,610100
新城区,610102
碑林,610103
莲湖,610104
灞桥,610111
未央,610112
雁塔,610113
阎良,610114
临潼,610115
长安,610116
高陵,610117
鄠邑,610118
蓝田,610122
周至,610124
铜川,610200
王益,610202
印台,610203
耀州,610204
宜君,610222
宝鸡,610300
渭滨,610302
金台,610303
陈仓,610304
凤翔,610322
岐山,610323
扶风,610324
眉县,610326
陇县,610327
千阳,610328
麟游,610329
凤县,610330
太白,610331
咸阳,610400
秦都,610402
杨陵,610403
渭城,610404
三原,610422
泾阳,610423
乾县,610424
礼泉,610425
永寿,610426
长武,610428
旬邑,610429
淳化,610430
武功,610431
兴平,610481
彬州,610482
渭南,610500
临渭,610502
华州,610503
潼关,610522
大荔,610523
合阳,610524
澄城,610525
蒲城,610526
白水,610527
富平,610528
韩城,610581
华阴,610582
延安,610600
宝塔,610602
安塞,610603
延长,610621
延川,610622
子长,610623
志丹,610625
吴起,610626
甘泉,610627
富县,610628
洛川,610629
宜川,610630
黄龙,610631
黄陵,610632
汉中,610700
汉台,610702
南郑,610703
城固,610722
洋县,610723
西乡,610724
勉县,610725
宁强,610726
略阳,610727
镇巴,610728
留坝,610729
佛坪,610730
榆林,610800
榆阳,610802
横山,610803
府谷,610822
靖边,610824
定边,610825
绥德,610826
米脂,610827
佳县,610828
吴堡,610829
清涧,610830
子洲,610831
神木,610881
安康,610900
汉滨,610902
汉阴,610921
石泉,610922
宁陕,610923
紫阳,610924
岚皋,610925
平利,610926
镇坪,610927
旬阳,610928
白河,610929
商洛,611000
商州,611002
洛南,611021
丹凤,611022
商南,611023
山阳,611024
镇安,611025
柞水,611026
兰州,620100
城关,620102
七里河,620103
西固,620104
安宁区,620105
红古,620111
永登,620121
皋兰,620122
榆中,620123
嘉峪关,620200
金昌,620300
金川区,620302
永昌,620321
白银,620400
白银区,620402
平川,620403
靖远,620421
会宁,620422
景泰,620423
天水,620500
秦州,620502
麦积,620503
清水,620521
秦安,620522
甘谷,620523
武山,620524
张家川,620525
武威,620600
凉州,620602
民勤,620621
古浪,620622
天祝,620623
张掖,620700
甘州,620702
肃南,620721
民乐,620722
临泽,620723
高台,620724
山丹,620725
平凉,620800
崆峒,620802
泾川,620821
灵台,620822
崇信,620823
庄浪,620825
静宁,620826
华亭,620881
酒泉,620900
肃州,620902
金塔,620921
瓜州,620922
肃北,620923
阿克塞,620924
玉门,620981
敦煌,620982
庆阳,621000
西峰,621002
庆城,621021
环县,621022
华池,621023
合水,621024
正宁,621025
宁县,621026
镇原,621027
定西,621100
安定,621102
通渭,621121
陇西,621122
渭源,621123
临洮,621124
漳县,621125
岷县,621126
陇南,621200
武都,621202
成县,621221
文县,621222
宕昌,621223
康县,621224
西和,621225
礼县,621226
徽县,621227
两当,621228
临夏,622900
临夏市,622901
临夏县,622921
康乐,622922
永靖,622923
广河,622924
和政,622925
东乡,622926
积石山,622927
甘南,623000
合作,623001
临潭,623021
卓尼,623022
舟曲,623023
迭部,623024
玛曲,623025
碌曲,623026
夏河,623027
西宁,630100
城东区,630102
城中区,630103
城西区,630104
城北区,630105
大通,630121
湟中,630122
湟源,630123
海东,630200
乐都,630202
平安,630203
民和,630222
互助,630223
化隆,630224
循化,630225
海北,632200
门源,632221
祁连,632222
海晏,632223
刚察,632224
黄南,632300
同仁,632321
尖扎,632322
泽库,632323
河南,632324
海南,632500
共和,632521
同德,632522
贵德,632523
兴海,632524
贵南,632525
果洛,632600
玛沁,632621
班玛,632622
甘德,632623
达日,632624
久治,632625
玛多,632626
玉树,632700
玉树市,632701
杂多,632722
称多,632723
治多,632724
囊谦,632725
曲麻莱,632726
海西,632800
格尔木,632801
德令哈,632802
茫崖,632803
乌兰,632821
都兰,632822
天峻,632823
银川,640100
兴庆,640104
西夏,640105
金凤,640106
永宁,640121
贺兰,640122
灵武,640181
石嘴山,640200
大武口,640202
惠农,640205
平罗,640221
吴忠,640300
利通,640302
红寺堡,640303
盐池,640323
同心,640324
青铜峡,640381
固原,640400
原州,640402
西吉,640422
隆德,640423
泾源,640424
彭阳,640425
中卫,640500
沙坡头,640502
中宁,640521
海原,640522
乌鲁木齐,650100
天山,650102
沙依巴克,650103
新市区,650104
水磨沟,650105
头屯河,650106
达坂城,650107
米东,650109
乌鲁木齐县,650121
克拉玛依,650200
独山子,650202
克拉玛依区,650203
白碱滩,650204
乌尔禾,650205
吐鲁番,650400
高昌,650402
鄯善,650421
托克逊,650422
哈密,650500
伊州,650502
巴里坤,650521
伊吾,650522
昌吉,652300
昌吉市,652301
阜康,652302
呼图壁,652323
玛纳斯,652324
奇台,652325
吉木萨尔,652327
木垒,652328
博尔塔拉,652700
博乐,652701
阿拉山口,652702
精河,652722
温泉,652723
巴音郭楞,652800
库尔勒,652801
轮台,652822
尉犁,652823
若羌,652824
且末,652825
焉耆,652826
和静,652827
和硕,652828
博湖,652829
阿克苏,652900
阿克苏市,652901
温宿,652922
库车,652902
沙雅,652924
新和,652925
拜城,652926
乌什,652927
阿瓦提,652928
柯坪,652929
克孜勒苏,653000
阿图什,653001
阿克陶,653022
阿合奇,653023
乌恰,653024
喀什,653100
喀什市,653101
疏附,653121
疏勒,653122
英吉沙,653123
泽普,653124
莎车,653125
叶城,653126
麦盖提,653127
岳普湖,653128
伽师,653129
巴楚,653130
塔什库尔干,653131
和田,653200
和田市,653201
和田县,653221
墨玉,653222
皮山,653223
洛浦,653224
策勒,653225
于田,653226
民丰,653227
伊犁,654000
伊宁,654002
奎屯,654003
霍尔果斯,654004
伊宁县,654021
察布查尔,654022
霍城,654023
巩留,654024
新源,654025
昭苏,654026
特克斯,654027
尼勒克,654028
塔城,654200
塔城市,654201
乌苏,654202
额敏,654221
沙湾,654223
托里,654224
裕民,654225
和布克赛尔,654226
阿勒泰,654300
阿勒泰市,654301
布尔津,654321
富蕴,654322
福海,654323
哈巴河,654324
青河,654325
吉木乃,654326
石河子,659001
阿拉尔,659002
图木舒克,659003
五家渠,659004
北屯,659005
铁门关,659006
双河,659007
可克达拉,659008
昆玉,659009
香港,810100
中西区,810101
东区,810102
九龙城区,810103
观塘区,810104
南区,810105
深水埗区,810106
湾仔区,810107
黄大仙区,810108
油尖旺区,810109
离岛区,810110
葵青区,810111
新界,810111
北区,810112
西贡区,810113
沙田区,810114
屯门区,810115
大埔区,810116
荃湾区,810117
元朗区,810118
花王堂区,820001
望德堂区,820002
风顺堂区,820003
圣方济各堂区,820004
嘉模堂区,820005
大堂区,820006
路氹填海区,820007
花地玛堂区,820008
澳门,820010
台北,710113
北投区,710101
松山区,710102
大同区,710103
文山区,710104
信义区,710105
内湖区,710106
中正区,710107
万华区,710108
中山区,710109
士林区,710110
南港区,710111
大安区,710112
高雄,710239
小港区,710201
左营区,710202
大寮区,710203
那玛夏区,710204
旗津区,710205
弥陀区,710206
燕巢区,710207
大树区,710208
阿莲区,710209
楠梓区,710210
鸟松区,710211
苓雅区,710212
桥头区,710213
梓官区,710214
美浓区,710215
仁武区,710216
凤山区,710217
甲仙区,710218
茄萣区,710219
大社区,710220
前镇区,710221
茂林区,710222
湖内区,710223
六龟区,710224
林园区,710225
内门区,710226
鼓山区,710227
杉林区,710228
三民区,710229
前金区,710230
冈山区,710231
田寮区,710232
桃源区,710233
盐埕区,710234
旗山区,710235
永安区,710236
路竹区,710237
新兴区,710238
新北市,710330
八里区,710301
三峡区,710302
新庄区,710303
坪林区,710304
莺歌区,710305
汐止区,710306
深坑区,710307
芦洲区,710308
三芝区,710309
三重区,710310
平溪区,710311
中和区,710312
永和区,710313
泰山区,710314
土城区,710315
石碇区,710316
五股区,710317
林口区,710318
双溪区,710319
树林区,710320
板桥区,710321
新店区,710322
乌来区,710323
贡寮区,710324
金山区,710325
万里区,710326
淡水区,710327
瑞芳区,710328
石门区,710329
台中市,710430
东区,710401
新社区,710402
中区,710403
南屯区,710404
神冈区,710405
沙鹿区,710406
丰原区,710407
大里区,710408
龙井区,710409
西区,710410
南区,710411
西屯区,710412
太平区,710413
北屯区,710414
大雅区,710415
石冈区,710416
北区,710417
大甲区,710418
梧栖区,710419
东势区,710420
和平区,710421
雾峰区,710422
乌日区,710423
后里区,710424
潭子区,710425
大肚区,710426
外埔区,710427
清水区,710428
大安区,710429
台南市,710538
安定区,710501
大内区,710502
东山区,710503
下营区,710504
山上区,710505
永康区,710506
新营区,710507
白河区,710508
盐水区,710509
归仁区,710510
龙崎区,710511
关庙区,710512
仁德区,710513
学甲区,710514
善化区,710515
新市区,710516
佳里区,710517
新化区,710518
西港区,710519
麻豆区,710520
安南区,710521
后壁区,710522
柳营区,710523
玉井区,710524
官田区,710525
东区,710526
六甲区,710527
中西区,710528
北区,710529
楠西区,710530
南化区,710531
左镇区,710532
南区,710533
安平区,710534
北门区,710535
七股区,710536
将军区,710537
桃园市,710616
平镇市,710601
杨梅市,710602
八德市,710603
桃园区,710604
龟山乡,710605
复兴乡,710606
芦竹乡,710607
观音乡,710608
龙潭乡,710609
大溪镇,710610
大园乡,710611
新屋乡,710612
中坜市,710613
基隆,719001
新竹市,719002
嘉义市,719003
新竹县,719004
宜兰县,719005
苗栗县,719006
彰化县,719007
云林县,719008
南投县,719009
嘉义县,719010
屏东县,719011
台东县,719012
花莲县,719013
澎湖县,719014
